nodes, 16.0, edges, 44.0, epochs, -1, time, 35.40316653251648
nodes, 16.0, edges, 44.0, epochs, 0, time, 36.3944296836853
nodes, 16.0, edges, 44.0, epochs, 1, time, 37.58879542350769
nodes, 16.0, edges, 44.0, epochs, 2, time, 36.76835107803345
nodes, 16.0, edges, 44.0, epochs, 3, time, 36.348952293395996
nodes, 16.0, edges, 44.0, epochs, 4, time, 36.02696466445923
nodes, 16.0, edges, 44.0, epochs, 5, time, 36.45974850654602
nodes, 16.0, edges, 44.0, epochs, 6, time, 36.326913833618164
nodes, 16.0, edges, 44.0, epochs, 7, time, 36.26903009414673
nodes, 16.0, edges, 44.0, epochs, 8, time, 36.62059926986694
nodes, 16.0, edges, 44.0, epochs, 9, time, 36.85825562477112
nodes, 16.0, edges, 44.0, epochs, 10, time, 36.60144639015198
nodes, 16.0, edges, 44.0, epochs, -1, time, 33.45336580276489
nodes, 16.0, edges, 44.0, epochs, 0, time, 34.61483383178711
nodes, 16.0, edges, 44.0, epochs, -1, time, 32.70011854171753
nodes, 16.0, edges, 44.0, epochs, 0, time, 36.927468061447144
nodes, 16.0, edges, 44.0, epochs, -1, time, 32.593595027923584
nodes, 16.0, edges, 44.0, epochs, 0, time, 35.38744401931763
nodes, 16.0, edges, 44.0, epochs, 1, time, 36.09342885017395
nodes, 16.0, edges, 44.0, epochs, 2, time, 37.33967399597168
nodes, 16.0, edges, 44.0, epochs, 3, time, 37.478716135025024
nodes, 16.0, edges, 44.0, epochs, 4, time, 37.31219434738159
nodes, 16.0, edges, 44.0, epochs, 5, time, 38.237892627716064
nodes, 16.0, edges, 44.0, epochs, 6, time, 37.21626663208008
nodes, 16.0, edges, 44.0, epochs, 7, time, 37.317004680633545
nodes, 16.0, edges, 44.0, epochs, 8, time, 36.020609855651855
nodes, 16.0, edges, 44.0, epochs, 9, time, 36.24403953552246
nodes, 16.0, edges, 44.0, epochs, 10, time, 36.206767559051514
nodes, 16.0, edges, 44.0, epochs, 11, time, 36.414820194244385
nodes, 16.0, edges, 44.0, epochs, 12, time, 35.97860336303711
nodes, 16.0, edges, 44.0, epochs, 13, time, 36.16507172584534
nodes, 16.0, edges, 44.0, epochs, 14, time, 36.249216079711914
nodes, 16.0, edges, 44.0, epochs, 15, time, 36.617464542388916
nodes, 16.0, edges, 44.0, epochs, -1, time, 35.74070644378662
nodes, 16.0, edges, 44.0, epochs, 0, time, 39.55378723144531
nodes, 16.0, edges, 44.0, epochs, 1, time, 40.63670492172241
nodes, 16.0, edges, 44.0, epochs, 2, time, 40.60788536071777
nodes, 16.0, edges, 44.0, epochs, 3, time, 39.90727972984314
nodes, 16.0, edges, 44.0, epochs, 4, time, 41.649863958358765
nodes, 16.0, edges, 44.0, epochs, 5, time, 40.06240391731262
nodes, 16.0, edges, 44.0, epochs, 6, time, 40.23425245285034
nodes, 16.0, edges, 44.0, epochs, 7, time, 40.774330854415894
nodes, 16.0, edges, 44.0, epochs, 8, time, 40.4062922000885
nodes, 16.0, edges, 44.0, epochs, 9, time, 40.82732319831848
nodes, 16.0, edges, 44.0, epochs, 10, time, 40.0075786113739
nodes, 16.0, edges, 44.0, epochs, 11, time, 41.05744194984436
nodes, 16.0, edges, 44.0, epochs, 12, time, 40.5648033618927
nodes, 16.0, edges, 44.0, epochs, 13, time, 40.153589725494385
nodes, 16.0, edges, 44.0, epochs, 14, time, 40.44952178001404
nodes, 16.0, edges, 44.0, epochs, 15, time, 40.13461232185364
nodes, 16.0, edges, 44.0, epochs, 16, time, 40.22407364845276
nodes, 16.0, edges, 44.0, epochs, 17, time, 40.54783868789673
nodes, 16.0, edges, 44.0, epochs, 18, time, 39.84476017951965
nodes, 16.0, edges, 44.0, epochs, 19, time, 40.76372194290161
nodes, 16.0, edges, 44.0, epochs, -1, time, 34.98985266685486
nodes, 16.0, edges, 44.0, epochs, 0, time, 40.47960042953491
nodes, 16.0, edges, 44.0, epochs, 1, time, 39.65385723114014
nodes, 16.0, edges, 44.0, epochs, 2, time, 39.55026388168335
nodes, 16.0, edges, 44.0, epochs, 3, time, 39.53416848182678
nodes, 16.0, edges, 44.0, epochs, 4, time, 39.40625596046448
nodes, 16.0, edges, 44.0, epochs, 5, time, 39.14327073097229
nodes, 16.0, edges, 44.0, epochs, 6, time, 39.05839729309082
nodes, 16.0, edges, 44.0, epochs, 7, time, 39.69573640823364
nodes, 16.0, edges, 44.0, epochs, 8, time, 38.87306833267212
nodes, 16.0, edges, 44.0, epochs, 9, time, 39.433616638183594
nodes, 16.0, edges, 44.0, epochs, 10, time, 39.49567770957947
nodes, 16.0, edges, 44.0, epochs, 11, time, 39.2244086265564
nodes, 16.0, edges, 44.0, epochs, 12, time, 39.42397141456604
nodes, 16.0, edges, 44.0, epochs, 13, time, 40.34898090362549
nodes, 16.0, edges, 44.0, epochs, 14, time, 39.52704906463623
nodes, 16.0, edges, 44.0, epochs, 15, time, 39.08586025238037
nodes, 16.0, edges, 44.0, epochs, 16, time, 40.24598550796509
nodes, 16.0, edges, 44.0, epochs, 17, time, 41.76742434501648
nodes, 16.0, edges, 44.0, epochs, 18, time, 40.37782430648804
nodes, 16.0, edges, 44.0, epochs, 19, time, 43.12122130393982
nodes, 16.0, edges, 44.0, epochs, -1, time, 38.29581642150879
nodes, 16.0, edges, 44.0, epochs, 0, time, 40.10117030143738
nodes, 16.0, edges, 44.0, epochs, 1, time, 42.47493648529053
nodes, 16.0, edges, 44.0, epochs, 2, time, 41.96530866622925
nodes, 16.0, edges, 44.0, epochs, 3, time, 41.54147553443909
nodes, 16.0, edges, 44.0, epochs, 4, time, 53.975565910339355
nodes, 16.0, edges, 44.0, epochs, 5, time, 46.28301644325256
nodes, 16.0, edges, 44.0, epochs, -1, time, 36.19109606742859
nodes, 16.0, edges, 44.0, epochs, 0, time, 39.87065052986145
nodes, 16.0, edges, 44.0, epochs, 1, time, 37.886159896850586
nodes, 16.0, edges, 44.0, epochs, 2, time, 36.62138819694519
nodes, 16.0, edges, 44.0, epochs, -1, time, 37.496145486831665
nodes, 16.0, edges, 44.0, epochs, 0, time, 42.21631836891174
nodes, 16.0, edges, 44.0, epochs, 1, time, 42.70395803451538
nodes, 16.0, edges, 44.0, epochs, 2, time, 40.640631675720215
nodes, 16.0, edges, 44.0, epochs, 3, time, 39.01667308807373
nodes, 16.0, edges, 44.0, epochs, 4, time, 38.014448404312134
nodes, 16.0, edges, 44.0, epochs, 5, time, 37.42192578315735
nodes, 16.0, edges, 44.0, epochs, 6, time, 43.06195783615112
nodes, 16.0, edges, 44.0, epochs, -1, time, 36.16514039039612
nodes, 16.0, edges, 44.0, epochs, 0, time, 40.18322706222534
nodes, 16.0, edges, 44.0, epochs, 1, time, 40.29006338119507
nodes, 16.0, edges, 44.0, epochs, 2, time, 38.93634510040283
nodes, 16.0, edges, 44.0, epochs, 3, time, 37.96307921409607
nodes, 16.0, edges, 44.0, epochs, 4, time, 36.058693170547485
nodes, 16.0, edges, 44.0, epochs, 5, time, 36.136451959609985
nodes, 16.0, edges, 44.0, epochs, 6, time, 36.03095555305481
nodes, 16.0, edges, 44.0, epochs, 7, time, 36.22344779968262
nodes, 16.0, edges, 44.0, epochs, 8, time, 36.59214425086975
nodes, 16.0, edges, 44.0, epochs, 9, time, 36.3816020488739
nodes, 16.0, edges, 44.0, epochs, -1, time, 0.1487722396850586
nodes, 16.0, edges, 44.0, epochs, 0, time, 0.19012141227722168
nodes, 16.0, edges, 44.0, epochs, 1, time, 0.3427119255065918
nodes, 16.0, edges, 44.0, epochs, 2, time, 0.3374636173248291
nodes, 16.0, edges, 44.0, epochs, 3, time, 0.3317530155181885
nodes, 16.0, edges, 44.0, epochs, 4, time, 0.32491612434387207
nodes, 16.0, edges, 44.0, epochs, 5, time, 0.3297276496887207
nodes, 16.0, edges, 44.0, epochs, 6, time, 0.33533167839050293
nodes, 16.0, edges, 44.0, epochs, 7, time, 0.33536195755004883
nodes, 16.0, edges, 44.0, epochs, 8, time, 0.3415560722351074
nodes, 16.0, edges, 44.0, epochs, 9, time, 0.338228702545166
nodes, 16.0, edges, 44.0, epochs, 10, time, 0.3401610851287842
nodes, 16.0, edges, 44.0, epochs, 11, time, 0.3456721305847168
nodes, 16.0, edges, 44.0, epochs, 12, time, 0.32772350311279297
nodes, 16.0, edges, 44.0, epochs, 13, time, 0.3426525592803955
nodes, 16.0, edges, 44.0, epochs, 14, time, 0.3408522605895996
nodes, 16.0, edges, 44.0, epochs, 15, time, 0.3359079360961914
nodes, 16.0, edges, 44.0, epochs, 16, time, 0.33718180656433105
nodes, 16.0, edges, 44.0, epochs, 17, time, 0.33476758003234863
nodes, 16.0, edges, 44.0, epochs, 18, time, 0.33809733390808105
nodes, 16.0, edges, 44.0, epochs, 19, time, 0.3326246738433838
nodes, 16.0, edges, 44.0, epochs, -1, time, 0.14542198181152344
nodes, 16.0, edges, 44.0, epochs, 0, time, 0.2047286033630371
nodes, 16.0, edges, 44.0, epochs, 1, time, 0.3355100154876709
nodes, 16.0, edges, 44.0, epochs, 2, time, 0.36327362060546875
nodes, 16.0, edges, 44.0, epochs, 3, time, 0.45334935188293457
nodes, 16.0, edges, 44.0, epochs, 4, time, 0.3374202251434326
nodes, 16.0, edges, 44.0, epochs, 5, time, 0.4434828758239746
nodes, 16.0, edges, 44.0, epochs, 6, time, 0.3737149238586426
nodes, 16.0, edges, 44.0, epochs, 7, time, 0.38326525688171387
nodes, 16.0, edges, 44.0, epochs, 8, time, 0.39325380325317383
nodes, 16.0, edges, 44.0, epochs, 9, time, 0.3417041301727295
nodes, 16.0, edges, 44.0, epochs, 10, time, 0.33316683769226074
nodes, 16.0, edges, 44.0, epochs, 11, time, 0.41825103759765625
nodes, 16.0, edges, 44.0, epochs, 12, time, 0.3551497459411621
nodes, 16.0, edges, 44.0, epochs, 13, time, 0.3663818836212158
nodes, 16.0, edges, 44.0, epochs, 14, time, 0.33551549911499023
nodes, 16.0, edges, 44.0, epochs, 15, time, 0.3326075077056885
nodes, 16.0, edges, 44.0, epochs, 16, time, 0.34543871879577637
nodes, 16.0, edges, 44.0, epochs, 17, time, 0.3283970355987549
nodes, 16.0, edges, 44.0, epochs, 18, time, 0.3365793228149414
nodes, 16.0, edges, 44.0, epochs, 19, time, 0.3351602554321289
nodes, 16.0, edges, 44.0, epochs, 20, time, 0.330582857131958
nodes, 16.0, edges, 44.0, epochs, 21, time, 0.32938265800476074
nodes, 16.0, edges, 44.0, epochs, 22, time, 0.3456101417541504
nodes, 16.0, edges, 44.0, epochs, 23, time, 0.3561389446258545
nodes, 16.0, edges, 44.0, epochs, 24, time, 0.33493804931640625
nodes, 16.0, edges, 44.0, epochs, 25, time, 0.3323366641998291
nodes, 16.0, edges, 44.0, epochs, 26, time, 0.33405447006225586
nodes, 16.0, edges, 44.0, epochs, 27, time, 0.3312106132507324
nodes, 16.0, edges, 44.0, epochs, 28, time, 0.3347773551940918
nodes, 16.0, edges, 44.0, epochs, 29, time, 0.33328819274902344
nodes, 16.0, edges, 44.0, epochs, 30, time, 0.32994914054870605
nodes, 16.0, edges, 44.0, epochs, 31, time, 0.3345167636871338
nodes, 16.0, edges, 44.0, epochs, 32, time, 0.32664990425109863
nodes, 16.0, edges, 44.0, epochs, 33, time, 0.3302648067474365
nodes, 16.0, edges, 44.0, epochs, 34, time, 0.3471949100494385
nodes, 16.0, edges, 44.0, epochs, 35, time, 0.3267230987548828
nodes, 16.0, edges, 44.0, epochs, 36, time, 0.33081769943237305
nodes, 16.0, edges, 44.0, epochs, 37, time, 0.3454110622406006
nodes, 16.0, edges, 44.0, epochs, 38, time, 0.33812737464904785
nodes, 16.0, edges, 44.0, epochs, 39, time, 0.3354501724243164
nodes, 16.0, edges, 44.0, epochs, 40, time, 0.3369631767272949
nodes, 16.0, edges, 44.0, epochs, 41, time, 0.3333907127380371
nodes, 16.0, edges, 44.0, epochs, 42, time, 0.3352181911468506
nodes, 16.0, edges, 44.0, epochs, 43, time, 0.33387279510498047
nodes, 16.0, edges, 44.0, epochs, 44, time, 0.3305661678314209
nodes, 16.0, edges, 44.0, epochs, 45, time, 0.3479344844818115
nodes, 16.0, edges, 44.0, epochs, 46, time, 0.343472957611084
nodes, 16.0, edges, 44.0, epochs, 47, time, 0.327042818069458
nodes, 16.0, edges, 44.0, epochs, 48, time, 0.3309752941131592
nodes, 16.0, edges, 44.0, epochs, 49, time, 0.3432934284210205
nodes, 16.0, edges, 44.0, epochs, 50, time, 0.33345913887023926
nodes, 16.0, edges, 44.0, epochs, 51, time, 0.33184361457824707
nodes, 16.0, edges, 44.0, epochs, 52, time, 0.3419010639190674
nodes, 16.0, edges, 44.0, epochs, 53, time, 0.337662935256958
nodes, 16.0, edges, 44.0, epochs, 54, time, 0.3386216163635254
nodes, 16.0, edges, 44.0, epochs, 55, time, 0.33148670196533203
nodes, 16.0, edges, 44.0, epochs, 56, time, 0.3375582695007324
nodes, 16.0, edges, 44.0, epochs, 57, time, 0.33612966537475586
nodes, 16.0, edges, 44.0, epochs, 58, time, 0.3393270969390869
nodes, 16.0, edges, 44.0, epochs, 59, time, 0.32915377616882324
nodes, 16.0, edges, 44.0, epochs, 60, time, 0.3319549560546875
nodes, 16.0, edges, 44.0, epochs, 61, time, 0.3337080478668213
nodes, 16.0, edges, 44.0, epochs, 62, time, 0.34401464462280273
nodes, 16.0, edges, 44.0, epochs, 63, time, 0.3835577964782715
nodes, 16.0, edges, 44.0, epochs, 64, time, 0.35074830055236816
nodes, 16.0, edges, 44.0, epochs, 65, time, 0.34554266929626465
nodes, 16.0, edges, 44.0, epochs, 66, time, 0.3305490016937256
nodes, 16.0, edges, 44.0, epochs, 67, time, 0.3632528781890869
nodes, 16.0, edges, 44.0, epochs, 68, time, 0.349290132522583
nodes, 16.0, edges, 44.0, epochs, 69, time, 0.3365464210510254
nodes, 16.0, edges, 44.0, epochs, 70, time, 0.41622209548950195
nodes, 16.0, edges, 44.0, epochs, 71, time, 0.35408711433410645
nodes, 16.0, edges, 44.0, epochs, 72, time, 0.3420407772064209
nodes, 16.0, edges, 44.0, epochs, 73, time, 0.33350682258605957
nodes, 16.0, edges, 44.0, epochs, 74, time, 0.32933950424194336
nodes, 16.0, edges, 44.0, epochs, 75, time, 0.3343946933746338
nodes, 16.0, edges, 44.0, epochs, -1, time, 0.15602946281433105
nodes, 16.0, edges, 44.0, epochs, 0, time, 0.2092421054840088
nodes, 16.0, edges, 44.0, epochs, 1, time, 0.3600003719329834
nodes, 16.0, edges, 44.0, epochs, 2, time, 0.3618617057800293
nodes, 16.0, edges, 44.0, epochs, 3, time, 0.3562350273132324
nodes, 16.0, edges, 44.0, epochs, 4, time, 0.4411489963531494
nodes, 16.0, edges, 44.0, epochs, 5, time, 0.38524293899536133
nodes, 16.0, edges, 44.0, epochs, 6, time, 0.35904598236083984
nodes, 16.0, edges, 44.0, epochs, 7, time, 0.41532278060913086
nodes, 16.0, edges, 44.0, epochs, 8, time, 0.4112246036529541
nodes, 16.0, edges, 44.0, epochs, 9, time, 0.4125814437866211
nodes, 16.0, edges, 44.0, epochs, 10, time, 0.3815572261810303
nodes, 16.0, edges, 44.0, epochs, 11, time, 0.3797144889831543
nodes, 16.0, edges, 44.0, epochs, 12, time, 0.36496663093566895
nodes, 16.0, edges, 44.0, epochs, 13, time, 0.35169434547424316
nodes, 16.0, edges, 44.0, epochs, 14, time, 0.36513543128967285
nodes, 16.0, edges, 44.0, epochs, 15, time, 0.34866786003112793
nodes, 16.0, edges, 44.0, epochs, 16, time, 0.35813355445861816
nodes, 16.0, edges, 44.0, epochs, 17, time, 0.36105990409851074
nodes, 16.0, edges, 44.0, epochs, 18, time, 0.3494877815246582
nodes, 16.0, edges, 44.0, epochs, 19, time, 0.3487284183502197
nodes, 16.0, edges, 44.0, epochs, 20, time, 0.35271430015563965
nodes, 16.0, edges, 44.0, epochs, 21, time, 0.3490617275238037
nodes, 16.0, edges, 44.0, epochs, 22, time, 0.35501575469970703
nodes, 16.0, edges, 44.0, epochs, 23, time, 0.3848414421081543
nodes, 16.0, edges, 44.0, epochs, 24, time, 0.3604598045349121
nodes, 16.0, edges, 44.0, epochs, 25, time, 0.3566887378692627
nodes, 16.0, edges, 44.0, epochs, 26, time, 0.35805439949035645
nodes, 16.0, edges, 44.0, epochs, 27, time, 0.3575878143310547
nodes, 16.0, edges, 44.0, epochs, 28, time, 0.3575618267059326
nodes, 16.0, edges, 44.0, epochs, 29, time, 0.3555595874786377
nodes, 16.0, edges, 44.0, epochs, 30, time, 0.35729551315307617
nodes, 16.0, edges, 44.0, epochs, 31, time, 0.3530311584472656
nodes, 16.0, edges, 44.0, epochs, 32, time, 0.3585333824157715
nodes, 16.0, edges, 44.0, epochs, 33, time, 0.3566324710845947
nodes, 16.0, edges, 44.0, epochs, 34, time, 0.36055731773376465
nodes, 16.0, edges, 44.0, epochs, 35, time, 0.35432934761047363
nodes, 16.0, edges, 44.0, epochs, 36, time, 0.35207629203796387
nodes, 16.0, edges, 44.0, epochs, 37, time, 0.35889196395874023
nodes, 16.0, edges, 44.0, epochs, 38, time, 0.3555164337158203
nodes, 16.0, edges, 44.0, epochs, 39, time, 0.366077184677124
nodes, 16.0, edges, 44.0, epochs, 40, time, 0.380018949508667
nodes, 16.0, edges, 44.0, epochs, 41, time, 0.3674776554107666
nodes, 16.0, edges, 44.0, epochs, 42, time, 0.3609042167663574
nodes, 16.0, edges, 44.0, epochs, 43, time, 0.3667454719543457
nodes, 16.0, edges, 44.0, epochs, 44, time, 0.3655283451080322
nodes, 16.0, edges, 44.0, epochs, 45, time, 0.3589942455291748
nodes, 16.0, edges, 44.0, epochs, 46, time, 0.35971760749816895
nodes, 16.0, edges, 44.0, epochs, 47, time, 0.36154961585998535
nodes, 16.0, edges, 44.0, epochs, 48, time, 0.36349916458129883
nodes, 16.0, edges, 44.0, epochs, 49, time, 0.35625505447387695
nodes, 16.0, edges, 44.0, epochs, 50, time, 0.3639211654663086
nodes, 16.0, edges, 44.0, epochs, 51, time, 0.3821134567260742
nodes, 16.0, edges, 44.0, epochs, 52, time, 0.37527990341186523
nodes, 16.0, edges, 44.0, epochs, 53, time, 0.3733229637145996
nodes, 16.0, edges, 44.0, epochs, 54, time, 0.3735342025756836
nodes, 16.0, edges, 44.0, epochs, 55, time, 0.36641430854797363
nodes, 16.0, edges, 44.0, epochs, 56, time, 0.38630056381225586
nodes, 16.0, edges, 44.0, epochs, 57, time, 0.35227346420288086
nodes, 16.0, edges, 44.0, epochs, 58, time, 0.357926607131958
nodes, 16.0, edges, 44.0, epochs, 59, time, 0.3853287696838379
nodes, 16.0, edges, 44.0, epochs, 60, time, 0.3623940944671631
nodes, 16.0, edges, 44.0, epochs, 61, time, 0.36406612396240234
nodes, 16.0, edges, 44.0, epochs, 62, time, 0.38042163848876953
nodes, 16.0, edges, 44.0, epochs, 63, time, 0.413532018661499
nodes, 16.0, edges, 44.0, epochs, 64, time, 0.40578484535217285
nodes, 16.0, edges, 44.0, epochs, 65, time, 0.3750584125518799
nodes, 16.0, edges, 44.0, epochs, 66, time, 0.380340576171875
nodes, 16.0, edges, 44.0, epochs, 67, time, 0.38491058349609375
nodes, 16.0, edges, 44.0, epochs, 68, time, 0.42362165451049805
nodes, 16.0, edges, 44.0, epochs, 69, time, 0.38546180725097656
nodes, 16.0, edges, 44.0, epochs, 70, time, 0.3662426471710205
nodes, 16.0, edges, 44.0, epochs, 71, time, 0.36682558059692383
nodes, 16.0, edges, 44.0, epochs, 72, time, 0.37351465225219727
nodes, 16.0, edges, 44.0, epochs, 73, time, 0.38420844078063965
nodes, 16.0, edges, 44.0, epochs, 74, time, 0.3877582550048828
nodes, 16.0, edges, 44.0, epochs, 75, time, 0.38433170318603516
nodes, 16.0, edges, 44.0, epochs, 76, time, 0.3664665222167969
nodes, 16.0, edges, 44.0, epochs, 77, time, 0.37250256538391113
nodes, 16.0, edges, 44.0, epochs, 78, time, 0.36257433891296387
nodes, 16.0, edges, 44.0, epochs, 79, time, 0.3604393005371094
nodes, 16.0, edges, 44.0, epochs, 80, time, 0.3659956455230713
nodes, 16.0, edges, 44.0, epochs, 81, time, 0.36237549781799316
nodes, 16.0, edges, 44.0, epochs, 82, time, 0.37476062774658203
nodes, 16.0, edges, 44.0, epochs, 83, time, 0.3716716766357422
nodes, 16.0, edges, 44.0, epochs, 84, time, 0.35758209228515625
nodes, 16.0, edges, 44.0, epochs, 85, time, 0.3650641441345215
nodes, 16.0, edges, 44.0, epochs, 86, time, 0.36194443702697754
nodes, 16.0, edges, 44.0, epochs, 87, time, 0.36263298988342285
nodes, 16.0, edges, 44.0, epochs, 88, time, 0.36431217193603516
nodes, 16.0, edges, 44.0, epochs, 89, time, 0.36381983757019043
nodes, 16.0, edges, 44.0, epochs, 90, time, 0.36159658432006836
nodes, 16.0, edges, 44.0, epochs, -1, time, 35.907172441482544
nodes, 16.0, edges, 44.0, epochs, 0, time, 39.935688734054565
nodes, 16.0, edges, 44.0, epochs, 1, time, 41.22885179519653
nodes, 16.0, edges, 44.0, epochs, 2, time, 40.45637488365173
nodes, 16.0, edges, 44.0, epochs, 3, time, 40.00118446350098
nodes, 16.0, edges, 44.0, epochs, 4, time, 38.580442905426025
nodes, 16.0, edges, 44.0, epochs, 5, time, 38.45817422866821
nodes, 16.0, edges, 44.0, epochs, 6, time, 37.544541358947754
nodes, 16.0, edges, 44.0, epochs, 7, time, 38.50060248374939
nodes, 16.0, edges, 44.0, epochs, -1, time, 36.381051540374756
nodes, 16.0, edges, 44.0, epochs, 0, time, 39.616472005844116
nodes, 16.0, edges, 44.0, epochs, 1, time, 38.399237632751465
nodes, 16.0, edges, 44.0, epochs, 2, time, 37.12148833274841
nodes, 16.0, edges, 44.0, epochs, -1, time, 0.3458247184753418
nodes, 16.0, edges, 44.0, epochs, 0, time, 0.5243484973907471
nodes, 16.0, edges, 44.0, epochs, -1, time, 0.35008740425109863
nodes, 16.0, edges, 44.0, epochs, 0, time, 0.48645830154418945
nodes, 16.0, edges, 44.0, epochs, 1, time, 1.1618754863739014
nodes, 16.0, edges, 44.0, epochs, 2, time, 1.165712594985962
nodes, 16.0, edges, 44.0, epochs, 3, time, 1.1609055995941162
nodes, 16.0, edges, 44.0, epochs, -1, time, 0.3692653179168701
nodes, 16.0, edges, 44.0, epochs, -1, time, 0.3831181526184082
nodes, 16.0, edges, 44.0, epochs, 0, time, 0.5346291065216064
nodes, 16.0, edges, 44.0, epochs, 1, time, 1.1932694911956787
nodes, 16.0, edges, 44.0, epochs, 2, time, 1.1495189666748047
nodes, 16.0, edges, 44.0, epochs, -1, time, 0.35382556915283203
nodes, 16.0, edges, 44.0, epochs, 0, time, 0.4745643138885498
nodes, 16.0, edges, 44.0, epochs, 1, time, 1.127636432647705
nodes, 16.0, edges, 44.0, epochs, 2, time, 1.1171069145202637
nodes, 16.0, edges, 44.0, epochs, 3, time, 1.1386635303497314
nodes, 16.0, edges, 44.0, epochs, 4, time, 1.1706535816192627
nodes, 16.0, edges, 44.0, epochs, 5, time, 1.1325817108154297
nodes, 16.0, edges, 44.0, epochs, 6, time, 1.129906415939331
nodes, 16.0, edges, 44.0, epochs, 7, time, 1.1282377243041992
nodes, 16.0, edges, 44.0, epochs, 8, time, 1.1258635520935059
nodes, 16.0, edges, 44.0, epochs, 9, time, 1.12001633644104
nodes, 16.0, edges, 44.0, epochs, 10, time, 1.1166341304779053
nodes, 16.0, edges, 44.0, epochs, 11, time, 1.1241724491119385
nodes, 16.0, edges, 44.0, epochs, 12, time, 1.1176104545593262
nodes, 16.0, edges, 44.0, epochs, 13, time, 1.1903538703918457
nodes, 16.0, edges, 44.0, epochs, 14, time, 1.1961076259613037
nodes, 16.0, edges, 44.0, epochs, 15, time, 1.1353118419647217
nodes, 16.0, edges, 44.0, epochs, 16, time, 1.212667465209961
nodes, 16.0, edges, 44.0, epochs, 17, time, 1.1468427181243896
nodes, 16.0, edges, 44.0, epochs, 18, time, 1.2522077560424805
nodes, 16.0, edges, 44.0, epochs, 19, time, 1.196068286895752
nodes, 16.0, edges, 44.0, epochs, -1, time, 0.3649427890777588
nodes, 16.0, edges, 44.0, epochs, 0, time, 0.49031543731689453
nodes, 16.0, edges, 44.0, epochs, 1, time, 1.131633996963501
nodes, 16.0, edges, 44.0, epochs, 2, time, 1.2075796127319336
nodes, 16.0, edges, 44.0, epochs, 3, time, 1.204176664352417
nodes, 16.0, edges, 44.0, epochs, 4, time, 1.177966833114624
nodes, 16.0, edges, 44.0, epochs, 5, time, 1.225616693496704
nodes, 16.0, edges, 44.0, epochs, 6, time, 1.2266223430633545
nodes, 16.0, edges, 44.0, epochs, 7, time, 1.1376960277557373
nodes, 16.0, edges, 44.0, epochs, 8, time, 1.128680944442749
nodes, 16.0, edges, 44.0, epochs, 9, time, 1.2068920135498047
nodes, 16.0, edges, 44.0, epochs, 10, time, 1.170727252960205
nodes, 16.0, edges, 44.0, epochs, 11, time, 1.1703379154205322
nodes, 16.0, edges, 44.0, epochs, 12, time, 1.1273550987243652
nodes, 16.0, edges, 44.0, epochs, 13, time, 1.1285438537597656
nodes, 16.0, edges, 44.0, epochs, 14, time, 1.1325392723083496
nodes, 16.0, edges, 44.0, epochs, 15, time, 1.1355974674224854
nodes, 16.0, edges, 44.0, epochs, 16, time, 1.1228351593017578
nodes, 16.0, edges, 44.0, epochs, 17, time, 1.1264524459838867
nodes, 16.0, edges, 44.0, epochs, 18, time, 1.150935411453247
nodes, 16.0, edges, 44.0, epochs, 19, time, 1.1304552555084229
nodes, 16.0, edges, 44.0, epochs, -1, time, 0.3413574695587158
nodes, 16.0, edges, 44.0, epochs, 0, time, 0.4644911289215088
nodes, 16.0, edges, 44.0, epochs, 1, time, 1.0904865264892578
nodes, 16.0, edges, 44.0, epochs, 2, time, 1.111144781112671
nodes, 16.0, edges, 44.0, epochs, 3, time, 1.0985369682312012
nodes, 16.0, edges, 44.0, epochs, -1, time, 0.41011643409729004
nodes, 16.0, edges, 44.0, epochs, 0, time, 0.568453311920166
nodes, 16.0, edges, 44.0, epochs, -1, time, 0.4140503406524658
nodes, 16.0, edges, 44.0, epochs, 0, time, 0.5561048984527588
nodes, 16.0, edges, 44.0, epochs, -1, time, 0.35816121101379395
nodes, 16.0, edges, 44.0, epochs, 0, time, 0.48035097122192383
nodes, 16.0, edges, 44.0, epochs, 1, time, 1.1100413799285889
nodes, 16.0, edges, 44.0, epochs, 2, time, 1.1014606952667236
nodes, 16.0, edges, 44.0, epochs, 3, time, 1.112515926361084
nodes, 16.0, edges, 44.0, epochs, -1, time, 0.33905816078186035
nodes, 16.0, edges, 44.0, epochs, -1, time, 0.3241696357727051
nodes, 16.0, edges, 44.0, epochs, 0, time, 0.48060035705566406
nodes, 16.0, edges, 44.0, epochs, 1, time, 1.0895414352416992
nodes, 16.0, edges, 44.0, epochs, 2, time, 1.0856547355651855
nodes, 16.0, edges, 44.0, epochs, 3, time, 1.0907506942749023
nodes, 16.0, edges, 44.0, epochs, 4, time, 1.1307847499847412
nodes, 16.0, edges, 44.0, epochs, 5, time, 1.140185832977295
nodes, 16.0, edges, 44.0, epochs, 6, time, 1.0946285724639893
nodes, 16.0, edges, 44.0, epochs, 7, time, 1.08516263961792
nodes, 16.0, edges, 44.0, epochs, 8, time, 1.0802698135375977
nodes, 16.0, edges, 44.0, epochs, 9, time, 1.0942370891571045
nodes, 16.0, edges, 44.0, epochs, 10, time, 1.08768630027771
nodes, 16.0, edges, 44.0, epochs, 11, time, 1.0794110298156738
nodes, 16.0, edges, 44.0, epochs, 12, time, 1.079282522201538
nodes, 16.0, edges, 44.0, epochs, 13, time, 1.0987908840179443
nodes, 16.0, edges, 44.0, epochs, 14, time, 1.1284143924713135
nodes, 16.0, edges, 44.0, epochs, 15, time, 1.1168084144592285
nodes, 16.0, edges, 44.0, epochs, 16, time, 1.124281644821167
nodes, 16.0, edges, 44.0, epochs, 17, time, 1.0890932083129883
nodes, 16.0, edges, 44.0, epochs, 18, time, 1.0884828567504883
nodes, 16.0, edges, 44.0, epochs, 19, time, 1.0967557430267334
nodes, 16.0, edges, 44.0, epochs, -1, time, 36.279062271118164
nodes, 16.0, edges, 44.0, epochs, 0, time, 40.8310329914093
nodes, 16.0, edges, 44.0, epochs, 1, time, 42.42256736755371
nodes, 16.0, edges, 44.0, epochs, 2, time, 41.570207595825195
nodes, 16.0, edges, 44.0, epochs, 3, time, 43.55662274360657
nodes, 16.0, edges, 44.0, epochs, 4, time, 41.03804874420166
nodes, 16.0, edges, 44.0, epochs, 5, time, 38.02504897117615
nodes, 16.0, edges, 44.0, epochs, 6, time, 38.63100266456604
nodes, 16.0, edges, 44.0, epochs, -1, time, 36.56206655502319
nodes, 16.0, edges, 44.0, epochs, 0, time, 41.1209990978241
nodes, 16.0, edges, 44.0, epochs, -1, time, 38.26695418357849
nodes, 16.0, edges, 44.0, epochs, -1, time, 37.42740607261658
nodes, 16.0, edges, 44.0, epochs, -1, time, 41.58745574951172
nodes, 16.0, edges, 44.0, epochs, -1, time, 41.620603799819946
nodes, 16.0, edges, 44.0, epochs, -1, time, 34.71978783607483
nodes, 16.0, edges, 44.0, epochs, -1, time, 40.84077262878418
nodes, 16.0, edges, 44.0, epochs, -1, time, 0.1770482063293457
nodes, 16.0, edges, 44.0, epochs, 0, time, 0.2245185375213623
nodes, 16.0, edges, 44.0, epochs, 1, time, 0.4370005130767822
nodes, 16.0, edges, 44.0, epochs, 2, time, 0.4461681842803955
nodes, 16.0, edges, 44.0, epochs, 3, time, 0.4172844886779785
nodes, 16.0, edges, 44.0, epochs, 4, time, 0.41669416427612305
nodes, 16.0, edges, 44.0, epochs, 5, time, 0.3994264602661133
nodes, 16.0, edges, 44.0, epochs, 6, time, 0.4858860969543457
nodes, 16.0, edges, 44.0, epochs, 7, time, 0.41570186614990234
nodes, 16.0, edges, 44.0, epochs, 8, time, 0.42743349075317383
nodes, 16.0, edges, 44.0, epochs, 9, time, 0.4121279716491699
nodes, 16.0, edges, 44.0, epochs, 10, time, 0.40076398849487305
nodes, 16.0, edges, 44.0, epochs, 11, time, 0.4049522876739502
nodes, 16.0, edges, 44.0, epochs, 12, time, 0.418471097946167
nodes, 16.0, edges, 44.0, epochs, 13, time, 0.4047524929046631
nodes, 16.0, edges, 44.0, epochs, 14, time, 0.39783334732055664
nodes, 16.0, edges, 44.0, epochs, 15, time, 0.40084290504455566
nodes, 16.0, edges, 44.0, epochs, 16, time, 0.39644432067871094
nodes, 16.0, edges, 44.0, epochs, 17, time, 0.4118802547454834
nodes, 16.0, edges, 44.0, epochs, 18, time, 0.40485548973083496
nodes, 16.0, edges, 44.0, epochs, 19, time, 0.4006199836730957
nodes, 16.0, edges, 44.0, epochs, -1, time, 1.2692999839782715
nodes, 16.0, edges, 44.0, epochs, 0, time, 1.8777923583984375
nodes, 16.0, edges, 44.0, epochs, 1, time, 5.316941022872925
nodes, 16.0, edges, 44.0, epochs, 2, time, 5.3870768547058105
nodes, 16.0, edges, 44.0, epochs, 3, time, 5.245759010314941
nodes, 16.0, edges, 44.0, epochs, 4, time, 5.545228958129883
nodes, 16.0, edges, 44.0, epochs, 5, time, 5.2651686668396
nodes, 16.0, edges, 44.0, epochs, 6, time, 5.2919323444366455
nodes, 16.0, edges, 44.0, epochs, 7, time, 5.233916759490967
nodes, 16.0, edges, 44.0, epochs, 8, time, 5.305218696594238
nodes, 16.0, edges, 44.0, epochs, 9, time, 5.415010213851929
nodes, 16.0, edges, 44.0, epochs, 10, time, 5.368866205215454
nodes, 16.0, edges, 44.0, epochs, 11, time, 5.544747829437256
nodes, 16.0, edges, 44.0, epochs, 12, time, 5.379493951797485
nodes, 16.0, edges, 44.0, epochs, 13, time, 5.496610879898071
nodes, 16.0, edges, 44.0, epochs, 14, time, 5.35276460647583
nodes, 16.0, edges, 44.0, epochs, 15, time, 5.312747955322266
nodes, 16.0, edges, 44.0, epochs, 16, time, 5.267624139785767
nodes, 16.0, edges, 44.0, epochs, 17, time, 5.217901945114136
nodes, 16.0, edges, 44.0, epochs, 18, time, 5.193893194198608
nodes, 16.0, edges, 44.0, epochs, -1, time, 46.64864635467529
nodes, 16.0, edges, 44.0, epochs, 0, time, 51.23342514038086
nodes, 16.0, edges, 44.0, epochs, 1, time, 53.4813289642334
nodes, 16.0, edges, 44.0, epochs, 2, time, 51.394375801086426
nodes, 16.0, edges, 44.0, epochs, 3, time, 48.90637016296387
nodes, 16.0, edges, 44.0, epochs, 4, time, 49.31891489028931
nodes, 16.0, edges, 44.0, epochs, 5, time, 49.298850297927856
nodes, 16.0, edges, 44.0, epochs, 6, time, 45.270445108413696
nodes, 16.0, edges, 44.0, epochs, 7, time, 42.2636034488678
nodes, 16.0, edges, 44.0, epochs, 8, time, 42.31437659263611
nodes, 16.0, edges, 44.0, epochs, 9, time, 42.96142363548279
nodes, 16.0, edges, 44.0, epochs, 10, time, 43.32697796821594
nodes, 16.0, edges, 44.0, epochs, 11, time, 44.81717038154602
nodes, 16.0, edges, 44.0, epochs, 12, time, 43.003714084625244
nodes, 16.0, edges, 44.0, epochs, 13, time, 46.09129881858826
nodes, 16.0, edges, 44.0, epochs, 14, time, 42.763075828552246
nodes, 16.0, edges, 44.0, epochs, 15, time, 40.661535024642944
nodes, 16.0, edges, 44.0, epochs, 16, time, 40.563640832901
nodes, 16.0, edges, 44.0, epochs, 17, time, 43.01496505737305
nodes, 16.0, edges, 44.0, epochs, 18, time, 47.630130767822266
nodes, 16.0, edges, 44.0, epochs, 19, time, 48.30341291427612
nodes, 16.0, edges, 44.0, epochs, -1, time, 8.317172050476074
nodes, 16.0, edges, 44.0, epochs, 0, time, 8.982931852340698
nodes, 16.0, edges, 44.0, epochs, 1, time, 9.252422332763672
nodes, 16.0, edges, 44.0, epochs, 2, time, 9.163785457611084
nodes, 16.0, edges, 44.0, epochs, 3, time, 9.282836198806763
nodes, 16.0, edges, 44.0, epochs, 4, time, 9.740426778793335
nodes, 16.0, edges, 44.0, epochs, 5, time, 9.49406385421753
nodes, 16.0, edges, 44.0, epochs, 6, time, 9.335607051849365
nodes, 16.0, edges, 44.0, epochs, 7, time, 9.435206413269043
nodes, 16.0, edges, 44.0, epochs, 8, time, 9.48555850982666
nodes, 16.0, edges, 44.0, epochs, 9, time, 9.186971664428711
nodes, 16.0, edges, 44.0, epochs, 10, time, 9.247185945510864
nodes, 16.0, edges, 44.0, epochs, 11, time, 9.267338991165161
nodes, 16.0, edges, 44.0, epochs, 12, time, 9.826159954071045
nodes, 16.0, edges, 44.0, epochs, 13, time, 9.889506340026855
nodes, 16.0, edges, 44.0, epochs, 14, time, 9.430922746658325
nodes, 16.0, edges, 44.0, epochs, 15, time, 9.68219518661499
nodes, 16.0, edges, 44.0, epochs, 16, time, 9.371577978134155
nodes, 16.0, edges, 44.0, epochs, 17, time, 9.443178176879883
nodes, 16.0, edges, 44.0, epochs, 18, time, 9.347854614257812
nodes, 16.0, edges, 44.0, epochs, 19, time, 9.281018495559692
nodes, 16.0, edges, 44.0, epochs, -1, time, 7.876206874847412
nodes, 16.0, edges, 44.0, epochs, 0, time, 8.252198934555054
nodes, 16.0, edges, 44.0, epochs, 1, time, 8.385830163955688
nodes, 16.0, edges, 44.0, epochs, 2, time, 8.237005710601807
nodes, 16.0, edges, 44.0, epochs, 3, time, 8.024694919586182
nodes, 16.0, edges, 44.0, epochs, 4, time, 8.13647198677063
nodes, 16.0, edges, 44.0, epochs, 5, time, 8.19056248664856
nodes, 16.0, edges, 44.0, epochs, 6, time, 8.070573329925537
nodes, 16.0, edges, 44.0, epochs, 7, time, 8.40974736213684
nodes, 16.0, edges, 44.0, epochs, 8, time, 8.312790870666504
nodes, 16.0, edges, 44.0, epochs, 9, time, 8.430446147918701
nodes, 16.0, edges, 44.0, epochs, 10, time, 8.34902834892273
nodes, 16.0, edges, 44.0, epochs, 11, time, 8.32805585861206
nodes, 16.0, edges, 44.0, epochs, 12, time, 8.421340942382812
nodes, 16.0, edges, 44.0, epochs, 13, time, 8.621366500854492
nodes, 16.0, edges, 44.0, epochs, 14, time, 8.6567964553833
nodes, 16.0, edges, 44.0, epochs, -1, time, 7.79314398765564
nodes, 16.0, edges, 44.0, epochs, 0, time, 9.6739501953125
nodes, 16.0, edges, 44.0, epochs, 1, time, 10.095340728759766
nodes, 16.0, edges, 44.0, epochs, 2, time, 9.780644416809082
nodes, 16.0, edges, 44.0, epochs, 3, time, 9.87312650680542
nodes, 16.0, edges, 44.0, epochs, 4, time, 9.781164169311523
nodes, 16.0, edges, 44.0, epochs, 5, time, 9.856749296188354
nodes, 16.0, edges, 44.0, epochs, 6, time, 11.04451298713684
nodes, 16.0, edges, 44.0, epochs, 7, time, 10.005295753479004
nodes, 16.0, edges, 44.0, epochs, 8, time, 9.964449167251587
nodes, 16.0, edges, 44.0, epochs, 9, time, 10.952030897140503
nodes, 16.0, edges, 44.0, epochs, 10, time, 11.473237991333008
nodes, 16.0, edges, 44.0, epochs, 11, time, 9.83391523361206
nodes, 16.0, edges, 44.0, epochs, 12, time, 9.726789951324463
nodes, 16.0, edges, 44.0, epochs, 13, time, 9.383172035217285
nodes, 16.0, edges, 44.0, epochs, 14, time, 9.812196969985962
nodes, 16.0, edges, 44.0, epochs, 15, time, 9.782629251480103
nodes, 16.0, edges, 44.0, epochs, 16, time, 9.794336795806885
nodes, 16.0, edges, 44.0, epochs, 17, time, 10.368204832077026
nodes, 16.0, edges, 44.0, epochs, 18, time, 11.704603672027588
nodes, 16.0, edges, 44.0, epochs, 19, time, 11.008495807647705
nodes, 16.0, edges, 44.0, epochs, 20, time, 10.247024059295654
nodes, 16.0, edges, 44.0, epochs, 21, time, 9.909303903579712
nodes, 16.0, edges, 44.0, epochs, 22, time, 9.732264995574951
nodes, 16.0, edges, 44.0, epochs, 23, time, 8.834307193756104
nodes, 16.0, edges, 44.0, epochs, 24, time, 9.98180890083313
nodes, 16.0, edges, 44.0, epochs, 25, time, 9.475950241088867
nodes, 16.0, edges, 44.0, epochs, 26, time, 8.888116121292114
nodes, 16.0, edges, 44.0, epochs, 27, time, 9.166259050369263
nodes, 16.0, edges, 44.0, epochs, 28, time, 8.586088180541992
nodes, 16.0, edges, 44.0, epochs, 29, time, 8.617967367172241
nodes, 16.0, edges, 44.0, epochs, 30, time, 8.711222171783447
nodes, 16.0, edges, 44.0, epochs, 31, time, 8.58424711227417
nodes, 16.0, edges, 44.0, epochs, 32, time, 8.990662813186646
nodes, 16.0, edges, 44.0, epochs, 33, time, 8.596268892288208
nodes, 16.0, edges, 44.0, epochs, 34, time, 8.493058681488037
nodes, 16.0, edges, 44.0, epochs, 35, time, 8.33053469657898
nodes, 16.0, edges, 44.0, epochs, 36, time, 8.32799744606018
nodes, 16.0, edges, 44.0, epochs, 37, time, 9.912423133850098
nodes, 16.0, edges, 44.0, epochs, 38, time, 9.897827625274658
nodes, 16.0, edges, 44.0, epochs, 39, time, 9.054819822311401
nodes, 16.0, edges, 44.0, epochs, -1, time, 9.638830184936523
nodes, 16.0, edges, 44.0, epochs, 0, time, 10.63208293914795
nodes, 16.0, edges, 44.0, epochs, 1, time, 11.004973411560059
nodes, 16.0, edges, 44.0, epochs, 2, time, 10.612230777740479
nodes, 16.0, edges, 44.0, epochs, 3, time, 11.71645712852478
nodes, 16.0, edges, 44.0, epochs, 4, time, 10.597612857818604
nodes, 16.0, edges, 44.0, epochs, 5, time, 10.762837648391724
nodes, 16.0, edges, 44.0, epochs, 6, time, 11.394104242324829
nodes, 16.0, edges, 44.0, epochs, 7, time, 10.966854572296143
nodes, 16.0, edges, 44.0, epochs, 8, time, 11.34689474105835
nodes, 16.0, edges, 44.0, epochs, 9, time, 11.029451608657837
nodes, 16.0, edges, 44.0, epochs, 10, time, 11.704428911209106
nodes, 16.0, edges, 44.0, epochs, 11, time, 11.175839185714722
nodes, 16.0, edges, 44.0, epochs, 12, time, 11.25704836845398
nodes, 16.0, edges, 44.0, epochs, 13, time, 11.53162956237793
nodes, 16.0, edges, 44.0, epochs, 14, time, 11.271901369094849
nodes, 16.0, edges, 44.0, epochs, 15, time, 11.68625259399414
nodes, 16.0, edges, 44.0, epochs, 16, time, 10.97232961654663
nodes, 16.0, edges, 44.0, epochs, 17, time, 11.280787467956543
nodes, 16.0, edges, 44.0, epochs, 18, time, 11.307992219924927
nodes, 16.0, edges, 44.0, epochs, 19, time, 11.36806583404541
nodes, 16.0, edges, 44.0, epochs, 20, time, 11.466409683227539
nodes, 16.0, edges, 44.0, epochs, 21, time, 11.677726984024048
nodes, 16.0, edges, 44.0, epochs, 22, time, 11.088749885559082
nodes, 16.0, edges, 44.0, epochs, 23, time, 11.026556015014648
nodes, 16.0, edges, 44.0, epochs, 24, time, 10.87716031074524
nodes, 16.0, edges, 44.0, epochs, 25, time, 11.597831726074219
nodes, 16.0, edges, 44.0, epochs, 26, time, 11.708717584609985
nodes, 16.0, edges, 44.0, epochs, 27, time, 10.968681335449219
nodes, 16.0, edges, 44.0, epochs, 28, time, 11.295027017593384
nodes, 16.0, edges, 44.0, epochs, 29, time, 11.500032901763916
nodes, 16.0, edges, 44.0, epochs, 30, time, 10.681085109710693
nodes, 16.0, edges, 44.0, epochs, 31, time, 10.976707220077515
nodes, 16.0, edges, 44.0, epochs, 32, time, 11.256494283676147
nodes, 16.0, edges, 44.0, epochs, 33, time, 11.064404249191284
nodes, 16.0, edges, 44.0, epochs, 34, time, 11.311163425445557
nodes, 16.0, edges, 44.0, epochs, 35, time, 10.375445127487183
nodes, 16.0, edges, 44.0, epochs, 36, time, 10.35181474685669
nodes, 16.0, edges, 44.0, epochs, 37, time, 10.349905014038086
nodes, 16.0, edges, 44.0, epochs, 38, time, 10.638496160507202
nodes, 16.0, edges, 44.0, epochs, 39, time, 10.138038396835327
nodes, 16.0, edges, 44.0, epochs, -1, time, 11.708496809005737
nodes, 16.0, edges, 44.0, epochs, 0, time, 11.266066074371338
nodes, 16.0, edges, 44.0, epochs, 1, time, 12.097940683364868
nodes, 16.0, edges, 44.0, epochs, 2, time, 12.870982885360718
nodes, 16.0, edges, 44.0, epochs, 3, time, 11.989171266555786
nodes, 16.0, edges, 44.0, epochs, 4, time, 12.472131967544556
nodes, 16.0, edges, 44.0, epochs, 5, time, 11.34821891784668
nodes, 16.0, edges, 44.0, epochs, 6, time, 12.850074291229248
nodes, 16.0, edges, 44.0, epochs, 7, time, 12.25932240486145
nodes, 16.0, edges, 44.0, epochs, 8, time, 11.807268619537354
nodes, 16.0, edges, 44.0, epochs, 9, time, 12.211987733840942
nodes, 16.0, edges, 44.0, epochs, 10, time, 10.56817364692688
nodes, 16.0, edges, 44.0, epochs, 11, time, 11.973393440246582
nodes, 16.0, edges, 44.0, epochs, 12, time, 11.584458351135254
nodes, 16.0, edges, 44.0, epochs, 13, time, 10.994210004806519
nodes, 16.0, edges, 44.0, epochs, 14, time, 12.067073345184326
nodes, 16.0, edges, 44.0, epochs, 15, time, 12.121227264404297
nodes, 16.0, edges, 44.0, epochs, 16, time, 11.355124235153198
nodes, 16.0, edges, 44.0, epochs, 17, time, 11.863891124725342
nodes, 16.0, edges, 44.0, epochs, 18, time, 12.300079107284546
nodes, 16.0, edges, 44.0, epochs, 19, time, 11.653528690338135
nodes, 16.0, edges, 44.0, epochs, 20, time, 11.612471342086792
nodes, 16.0, edges, 44.0, epochs, 21, time, 12.009186267852783
nodes, 16.0, edges, 44.0, epochs, 22, time, 11.672985076904297
nodes, 16.0, edges, 44.0, epochs, 23, time, 11.47827410697937
nodes, 16.0, edges, 44.0, epochs, 24, time, 12.116739749908447
nodes, 16.0, edges, 44.0, epochs, 25, time, 11.596985816955566
nodes, 16.0, edges, 44.0, epochs, 26, time, 11.479862213134766
nodes, 16.0, edges, 44.0, epochs, 27, time, 12.269487619400024
nodes, 16.0, edges, 44.0, epochs, 28, time, 12.00619649887085
nodes, 16.0, edges, 44.0, epochs, 29, time, 11.411554098129272
nodes, 16.0, edges, 44.0, epochs, 30, time, 11.507481575012207
nodes, 16.0, edges, 44.0, epochs, 31, time, 11.86100697517395
nodes, 16.0, edges, 44.0, epochs, 32, time, 11.318270921707153
nodes, 16.0, edges, 44.0, epochs, 33, time, 10.876244068145752
nodes, 16.0, edges, 44.0, epochs, 34, time, 10.9964280128479
nodes, 16.0, edges, 44.0, epochs, 35, time, 11.612754821777344
nodes, 16.0, edges, 44.0, epochs, 36, time, 11.282398223876953
nodes, 16.0, edges, 44.0, epochs, 37, time, 9.359665632247925
nodes, 16.0, edges, 44.0, epochs, 38, time, 8.564225912094116
nodes, 16.0, edges, 44.0, epochs, 39, time, 8.371017456054688
nodes, 16.0, edges, 44.0, epochs, -1, time, 7.966645240783691
nodes, 16.0, edges, 44.0, epochs, 0, time, 9.240066766738892
nodes, 16.0, edges, 44.0, epochs, 1, time, 8.717221021652222
nodes, 16.0, edges, 44.0, epochs, 2, time, 8.951521635055542
nodes, 16.0, edges, 44.0, epochs, 3, time, 9.128222465515137
nodes, 16.0, edges, 44.0, epochs, 4, time, 8.699009895324707
nodes, 16.0, edges, 44.0, epochs, 5, time, 8.746856689453125
nodes, 16.0, edges, 44.0, epochs, 6, time, 8.896701335906982
nodes, 16.0, edges, 44.0, epochs, 7, time, 9.089312553405762
nodes, 16.0, edges, 44.0, epochs, 8, time, 8.944267749786377
nodes, 16.0, edges, 44.0, epochs, 9, time, 8.598622798919678
nodes, 16.0, edges, 44.0, epochs, 10, time, 8.709895133972168
nodes, 16.0, edges, 44.0, epochs, 11, time, 8.079710721969604
nodes, 16.0, edges, 44.0, epochs, 12, time, 8.581815242767334
nodes, 16.0, edges, 44.0, epochs, 13, time, 8.04547381401062
nodes, 16.0, edges, 44.0, epochs, 14, time, 7.82909083366394
nodes, 16.0, edges, 44.0, epochs, 15, time, 7.833521604537964
nodes, 16.0, edges, 44.0, epochs, 16, time, 7.996021032333374
nodes, 16.0, edges, 44.0, epochs, 17, time, 7.864419460296631
nodes, 16.0, edges, 44.0, epochs, 18, time, 7.949287414550781
nodes, 16.0, edges, 44.0, epochs, 19, time, 8.025863885879517
nodes, 16.0, edges, 44.0, epochs, 20, time, 7.8762712478637695
nodes, 16.0, edges, 44.0, epochs, 21, time, 7.780183553695679
nodes, 16.0, edges, 44.0, epochs, 22, time, 7.9871931076049805
nodes, 16.0, edges, 44.0, epochs, 23, time, 7.9672276973724365
nodes, 16.0, edges, 44.0, epochs, 24, time, 7.983914136886597
nodes, 16.0, edges, 44.0, epochs, 25, time, 8.314043998718262
nodes, 16.0, edges, 44.0, epochs, 26, time, 8.161265850067139
nodes, 16.0, edges, 44.0, epochs, 27, time, 7.972793817520142
nodes, 16.0, edges, 44.0, epochs, 28, time, 7.97408127784729
nodes, 16.0, edges, 44.0, epochs, 29, time, 7.901042938232422
nodes, 16.0, edges, 44.0, epochs, 30, time, 8.370741128921509
nodes, 16.0, edges, 44.0, epochs, 31, time, 8.11322546005249
nodes, 16.0, edges, 44.0, epochs, 32, time, 8.1209876537323
nodes, 16.0, edges, 44.0, epochs, 33, time, 8.196103572845459
nodes, 16.0, edges, 44.0, epochs, 34, time, 8.14797043800354
nodes, 16.0, edges, 44.0, epochs, 35, time, 7.895576477050781
nodes, 16.0, edges, 44.0, epochs, 36, time, 8.016644477844238
nodes, 16.0, edges, 44.0, epochs, 37, time, 7.990963935852051
nodes, 16.0, edges, 44.0, epochs, 38, time, 8.098587036132812
nodes, 16.0, edges, 44.0, epochs, 39, time, 8.043984413146973
nodes, 16.0, edges, 44.0, epochs, -1, time, 7.521509647369385
nodes, 16.0, edges, 44.0, epochs, 0, time, 8.100162029266357
nodes, 16.0, edges, 44.0, epochs, 1, time, 8.61185073852539
nodes, 16.0, edges, 44.0, epochs, 2, time, 8.543585300445557
nodes, 16.0, edges, 44.0, epochs, 3, time, 8.470939874649048
nodes, 16.0, edges, 44.0, epochs, 4, time, 8.660041093826294
nodes, 16.0, edges, 44.0, epochs, 5, time, 8.500851154327393
nodes, 16.0, edges, 44.0, epochs, 6, time, 8.552146434783936
nodes, 16.0, edges, 44.0, epochs, 7, time, 8.610022783279419
nodes, 16.0, edges, 44.0, epochs, 8, time, 8.685785055160522
nodes, 16.0, edges, 44.0, epochs, 9, time, 8.431885480880737
nodes, 16.0, edges, 44.0, epochs, 10, time, 8.589843988418579
nodes, 16.0, edges, 44.0, epochs, 11, time, 8.820158004760742
nodes, 16.0, edges, 44.0, epochs, 12, time, 8.75907039642334
nodes, 16.0, edges, 44.0, epochs, 13, time, 8.70074200630188
nodes, 16.0, edges, 44.0, epochs, 14, time, 8.52518343925476
nodes, 16.0, edges, 44.0, epochs, 15, time, 8.236652135848999
nodes, 16.0, edges, 44.0, epochs, 16, time, 8.166827201843262
nodes, 16.0, edges, 44.0, epochs, 17, time, 8.015505313873291
nodes, 16.0, edges, 44.0, epochs, 18, time, 8.00418758392334
nodes, 16.0, edges, 44.0, epochs, 19, time, 7.877429246902466
nodes, 16.0, edges, 44.0, epochs, 20, time, 7.8943705558776855
nodes, 16.0, edges, 44.0, epochs, 21, time, 12.242072105407715
nodes, 16.0, edges, 44.0, epochs, 22, time, 8.987192869186401
nodes, 16.0, edges, 44.0, epochs, 23, time, 7.5240325927734375
nodes, 16.0, edges, 44.0, epochs, 24, time, 7.529484272003174
nodes, 16.0, edges, 44.0, epochs, 25, time, 7.316383600234985
nodes, 16.0, edges, 44.0, epochs, 26, time, 7.54987359046936
nodes, 16.0, edges, 44.0, epochs, 27, time, 7.386913776397705
nodes, 16.0, edges, 44.0, epochs, 28, time, 8.532899141311646
nodes, 16.0, edges, 44.0, epochs, 29, time, 7.3166823387146
nodes, 16.0, edges, 44.0, epochs, 30, time, 7.451634168624878
nodes, 16.0, edges, 44.0, epochs, 31, time, 7.720645427703857
nodes, 16.0, edges, 44.0, epochs, 32, time, 7.950132131576538
nodes, 16.0, edges, 44.0, epochs, 33, time, 7.4224584102630615
nodes, 16.0, edges, 44.0, epochs, 34, time, 7.3140363693237305
nodes, 16.0, edges, 44.0, epochs, 35, time, 7.368123292922974
nodes, 16.0, edges, 44.0, epochs, 36, time, 7.454103231430054
nodes, 16.0, edges, 44.0, epochs, 37, time, 7.549133062362671
nodes, 16.0, edges, 44.0, epochs, 38, time, 7.521246671676636
nodes, 16.0, edges, 44.0, epochs, 39, time, 7.413884162902832
nodes, 16.0, edges, 44.0, epochs, -1, time, 7.566019773483276
nodes, 16.0, edges, 44.0, epochs, 0, time, 8.494030237197876
nodes, 16.0, edges, 44.0, epochs, 1, time, 8.378621101379395
nodes, 16.0, edges, 44.0, epochs, 2, time, 8.476720809936523
nodes, 16.0, edges, 44.0, epochs, 3, time, 8.687824726104736
nodes, 16.0, edges, 44.0, epochs, 4, time, 8.633283376693726
nodes, 16.0, edges, 44.0, epochs, 5, time, 8.427550077438354
nodes, 16.0, edges, 44.0, epochs, 6, time, 8.553602933883667
nodes, 16.0, edges, 44.0, epochs, 7, time, 8.859439849853516
nodes, 16.0, edges, 44.0, epochs, 8, time, 8.775095462799072
nodes, 16.0, edges, 44.0, epochs, 9, time, 8.840238094329834
nodes, 16.0, edges, 44.0, epochs, 10, time, 9.299971580505371
nodes, 16.0, edges, 44.0, epochs, 11, time, 8.722666263580322
nodes, 16.0, edges, 44.0, epochs, 12, time, 8.573684692382812
nodes, 16.0, edges, 44.0, epochs, 13, time, 8.508517980575562
nodes, 16.0, edges, 44.0, epochs, 14, time, 8.215163469314575
nodes, 16.0, edges, 44.0, epochs, 15, time, 8.170326948165894
nodes, 16.0, edges, 44.0, epochs, 16, time, 7.900271892547607
nodes, 16.0, edges, 44.0, epochs, 17, time, 7.991244077682495
nodes, 16.0, edges, 44.0, epochs, 18, time, 7.98385214805603
nodes, 16.0, edges, 44.0, epochs, 19, time, 7.846883535385132
nodes, 16.0, edges, 44.0, epochs, 20, time, 8.007225275039673
nodes, 16.0, edges, 44.0, epochs, 21, time, 7.901638984680176
nodes, 16.0, edges, 44.0, epochs, 22, time, 7.977887868881226
nodes, 16.0, edges, 44.0, epochs, 23, time, 7.918622255325317
nodes, 16.0, edges, 44.0, epochs, 24, time, 7.873920917510986
nodes, 16.0, edges, 44.0, epochs, 25, time, 7.87908673286438
nodes, 16.0, edges, 44.0, epochs, 26, time, 7.910912752151489
nodes, 16.0, edges, 44.0, epochs, 27, time, 7.892693519592285
nodes, 16.0, edges, 44.0, epochs, 28, time, 7.866864442825317
nodes, 16.0, edges, 44.0, epochs, 29, time, 7.7911577224731445
nodes, 16.0, edges, 44.0, epochs, 30, time, 7.686646938323975
nodes, 16.0, edges, 44.0, epochs, 31, time, 7.754098892211914
nodes, 16.0, edges, 44.0, epochs, 32, time, 7.619553327560425
nodes, 16.0, edges, 44.0, epochs, 33, time, 7.812860488891602
nodes, 16.0, edges, 44.0, epochs, 34, time, 8.186842441558838
nodes, 16.0, edges, 44.0, epochs, 35, time, 7.840507745742798
nodes, 16.0, edges, 44.0, epochs, 36, time, 7.603281259536743
nodes, 16.0, edges, 44.0, epochs, 37, time, 7.541391849517822
nodes, 16.0, edges, 44.0, epochs, 38, time, 7.544861078262329
nodes, 16.0, edges, 44.0, epochs, 39, time, 7.614093542098999
nodes, 16.0, edges, 44.0, epochs, -1, time, 7.485272645950317
nodes, 16.0, edges, 44.0, epochs, 0, time, 7.958230972290039
nodes, 16.0, edges, 44.0, epochs, 1, time, 8.09544563293457
nodes, 16.0, edges, 44.0, epochs, 2, time, 8.265767812728882
nodes, 16.0, edges, 44.0, epochs, 3, time, 8.187758207321167
nodes, 16.0, edges, 44.0, epochs, 4, time, 8.205926418304443
nodes, 16.0, edges, 44.0, epochs, 5, time, 8.462646245956421
nodes, 16.0, edges, 44.0, epochs, 6, time, 8.145125150680542
nodes, 16.0, edges, 44.0, epochs, 7, time, 8.04026174545288
nodes, 16.0, edges, 44.0, epochs, 8, time, 8.088397026062012
nodes, 16.0, edges, 44.0, epochs, 9, time, 8.220433235168457
nodes, 16.0, edges, 44.0, epochs, 10, time, 8.373900890350342
nodes, 16.0, edges, 44.0, epochs, 11, time, 8.167097091674805
nodes, 16.0, edges, 44.0, epochs, 12, time, 8.496108055114746
nodes, 16.0, edges, 44.0, epochs, 13, time, 8.525166988372803
nodes, 16.0, edges, 44.0, epochs, 14, time, 7.8932623863220215
nodes, 16.0, edges, 44.0, epochs, 15, time, 8.099251508712769
nodes, 16.0, edges, 44.0, epochs, 16, time, 8.155033826828003
nodes, 16.0, edges, 44.0, epochs, 17, time, 8.74043583869934
nodes, 16.0, edges, 44.0, epochs, 18, time, 8.200228929519653
nodes, 16.0, edges, 44.0, epochs, 19, time, 7.86295223236084
nodes, 16.0, edges, 44.0, epochs, 20, time, 8.044729232788086
nodes, 16.0, edges, 44.0, epochs, 21, time, 7.8372719287872314
nodes, 16.0, edges, 44.0, epochs, 22, time, 8.021708726882935
nodes, 16.0, edges, 44.0, epochs, 23, time, 8.280458688735962
nodes, 16.0, edges, 44.0, epochs, 24, time, 8.172809600830078
nodes, 16.0, edges, 44.0, epochs, 25, time, 7.801699161529541
nodes, 16.0, edges, 44.0, epochs, 26, time, 7.633134603500366
nodes, 16.0, edges, 44.0, epochs, 27, time, 7.407218933105469
nodes, 16.0, edges, 44.0, epochs, 28, time, 7.564845323562622
nodes, 16.0, edges, 44.0, epochs, 29, time, 7.585695028305054
nodes, 16.0, edges, 44.0, epochs, 30, time, 7.534547567367554
nodes, 16.0, edges, 44.0, epochs, 31, time, 7.601343870162964
nodes, 16.0, edges, 44.0, epochs, 32, time, 7.492607355117798
nodes, 16.0, edges, 44.0, epochs, 33, time, 7.492837429046631
nodes, 16.0, edges, 44.0, epochs, 34, time, 7.367792129516602
nodes, 16.0, edges, 44.0, epochs, 35, time, 7.447914123535156
nodes, 16.0, edges, 44.0, epochs, 36, time, 7.565225124359131
nodes, 16.0, edges, 44.0, epochs, 37, time, 7.570832014083862
nodes, 16.0, edges, 44.0, epochs, 38, time, 7.503638505935669
nodes, 16.0, edges, 44.0, epochs, 39, time, 7.457437515258789
nodes, 16.0, edges, 44.0, epochs, -1, time, 8.22668194770813
nodes, 16.0, edges, 44.0, epochs, 0, time, 8.656307220458984
nodes, 16.0, edges, 44.0, epochs, 1, time, 8.816518545150757
nodes, 16.0, edges, 44.0, epochs, 2, time, 9.112666606903076
nodes, 16.0, edges, 44.0, epochs, 3, time, 8.717069387435913
nodes, 16.0, edges, 44.0, epochs, 4, time, 8.727946043014526
nodes, 16.0, edges, 44.0, epochs, 5, time, 8.674614191055298
nodes, 16.0, edges, 44.0, epochs, 6, time, 9.480961561203003
nodes, 16.0, edges, 44.0, epochs, 7, time, 8.471140623092651
nodes, 16.0, edges, 44.0, epochs, 8, time, 8.525159120559692
nodes, 16.0, edges, 44.0, epochs, 9, time, 7.955979824066162
nodes, 16.0, edges, 44.0, epochs, 10, time, 7.9548094272613525
nodes, 16.0, edges, 44.0, epochs, 11, time, 8.240943193435669
nodes, 16.0, edges, 44.0, epochs, 12, time, 8.196010112762451
nodes, 16.0, edges, 44.0, epochs, 13, time, 7.974847316741943
nodes, 16.0, edges, 44.0, epochs, 14, time, 8.200140237808228
nodes, 16.0, edges, 44.0, epochs, 15, time, 7.905067682266235
nodes, 16.0, edges, 44.0, epochs, 16, time, 8.275007486343384
nodes, 16.0, edges, 44.0, epochs, 17, time, 8.050708770751953
nodes, 16.0, edges, 44.0, epochs, 18, time, 7.941675186157227
nodes, 16.0, edges, 44.0, epochs, 19, time, 8.130969285964966
nodes, 16.0, edges, 44.0, epochs, 20, time, 8.055114984512329
nodes, 16.0, edges, 44.0, epochs, 21, time, 8.07161545753479
nodes, 16.0, edges, 44.0, epochs, 22, time, 7.98435640335083
nodes, 16.0, edges, 44.0, epochs, 23, time, 7.92327356338501
nodes, 16.0, edges, 44.0, epochs, 24, time, 7.975866317749023
nodes, 16.0, edges, 44.0, epochs, 25, time, 8.020567893981934
nodes, 16.0, edges, 44.0, epochs, 26, time, 8.25947093963623
nodes, 16.0, edges, 44.0, epochs, 27, time, 7.988865375518799
nodes, 16.0, edges, 44.0, epochs, 28, time, 8.07697081565857
nodes, 16.0, edges, 44.0, epochs, 29, time, 8.194416999816895
nodes, 16.0, edges, 44.0, epochs, 30, time, 8.16745901107788
nodes, 16.0, edges, 44.0, epochs, 31, time, 8.12857699394226
nodes, 16.0, edges, 44.0, epochs, 32, time, 8.280868768692017
nodes, 16.0, edges, 44.0, epochs, 33, time, 8.122732877731323
nodes, 16.0, edges, 44.0, epochs, 34, time, 8.047753095626831
nodes, 16.0, edges, 44.0, epochs, 35, time, 8.038678646087646
nodes, 16.0, edges, 44.0, epochs, 36, time, 7.994240045547485
nodes, 16.0, edges, 44.0, epochs, 37, time, 8.13503885269165
nodes, 16.0, edges, 44.0, epochs, 38, time, 8.131758689880371
nodes, 16.0, edges, 44.0, epochs, 39, time, 8.080399990081787
nodes, 16.0, edges, 44.0, epochs, -1, time, 7.786016941070557
nodes, 16.0, edges, 44.0, epochs, 0, time, 7.7698493003845215
nodes, 16.0, edges, 44.0, epochs, 1, time, 7.905864953994751
nodes, 16.0, edges, 44.0, epochs, 2, time, 7.867824077606201
nodes, 16.0, edges, 44.0, epochs, 3, time, 8.105174779891968
nodes, 16.0, edges, 44.0, epochs, 4, time, 8.05308723449707
nodes, 16.0, edges, 44.0, epochs, 5, time, 7.874024391174316
nodes, 16.0, edges, 44.0, epochs, 6, time, 7.974753379821777
nodes, 16.0, edges, 44.0, epochs, 7, time, 7.909618377685547
nodes, 16.0, edges, 44.0, epochs, 8, time, 8.036540508270264
nodes, 16.0, edges, 44.0, epochs, 9, time, 8.18491506576538
nodes, 16.0, edges, 44.0, epochs, 10, time, 8.03456449508667
nodes, 16.0, edges, 44.0, epochs, 11, time, 7.891796112060547
nodes, 16.0, edges, 44.0, epochs, 12, time, 7.944298982620239
nodes, 16.0, edges, 44.0, epochs, 13, time, 7.7726521492004395
nodes, 16.0, edges, 44.0, epochs, 14, time, 7.5928380489349365
nodes, 16.0, edges, 44.0, epochs, 15, time, 7.553466558456421
nodes, 16.0, edges, 44.0, epochs, 16, time, 8.219684600830078
nodes, 16.0, edges, 44.0, epochs, 17, time, 7.648314952850342
nodes, 16.0, edges, 44.0, epochs, 18, time, 7.714642286300659
nodes, 16.0, edges, 44.0, epochs, 19, time, 7.896996736526489
nodes, 16.0, edges, 44.0, epochs, 20, time, 7.717624187469482
nodes, 16.0, edges, 44.0, epochs, 21, time, 7.7207067012786865
nodes, 16.0, edges, 44.0, epochs, 22, time, 7.663565635681152
nodes, 16.0, edges, 44.0, epochs, 23, time, 7.627891302108765
nodes, 16.0, edges, 44.0, epochs, 24, time, 7.5600059032440186
nodes, 16.0, edges, 44.0, epochs, 25, time, 7.582506418228149
nodes, 16.0, edges, 44.0, epochs, 26, time, 7.561323404312134
nodes, 16.0, edges, 44.0, epochs, 27, time, 7.638088226318359
nodes, 16.0, edges, 44.0, epochs, 28, time, 7.723208427429199
nodes, 16.0, edges, 44.0, epochs, 29, time, 7.730631589889526
nodes, 16.0, edges, 44.0, epochs, 30, time, 7.749273300170898
nodes, 16.0, edges, 44.0, epochs, 31, time, 7.565178155899048
nodes, 16.0, edges, 44.0, epochs, 32, time, 7.58432674407959
nodes, 16.0, edges, 44.0, epochs, 33, time, 7.7203209400177
nodes, 16.0, edges, 44.0, epochs, 34, time, 7.578467845916748
nodes, 16.0, edges, 44.0, epochs, 35, time, 7.580578088760376
nodes, 16.0, edges, 44.0, epochs, 36, time, 7.584680080413818
nodes, 16.0, edges, 44.0, epochs, 37, time, 7.563021898269653
nodes, 16.0, edges, 44.0, epochs, 38, time, 7.691514730453491
nodes, 16.0, edges, 44.0, epochs, 39, time, 7.692563533782959
nodes, 16.0, edges, 44.0, epochs, -1, time, 7.35698676109314
nodes, 16.0, edges, 44.0, epochs, 0, time, 7.544596910476685
nodes, 16.0, edges, 44.0, epochs, 1, time, 7.7755656242370605
nodes, 16.0, edges, 44.0, epochs, 2, time, 7.819915533065796
nodes, 16.0, edges, 44.0, epochs, 3, time, 7.947319030761719
nodes, 16.0, edges, 44.0, epochs, 4, time, 7.6880784034729
nodes, 16.0, edges, 44.0, epochs, 5, time, 7.826760292053223
nodes, 16.0, edges, 44.0, epochs, 6, time, 8.139370918273926
nodes, 16.0, edges, 44.0, epochs, 7, time, 7.744005918502808
nodes, 16.0, edges, 44.0, epochs, 8, time, 7.628738164901733
nodes, 16.0, edges, 44.0, epochs, 9, time, 7.977262735366821
nodes, 16.0, edges, 44.0, epochs, 10, time, 7.775816917419434
nodes, 16.0, edges, 44.0, epochs, 11, time, 7.814162731170654
nodes, 16.0, edges, 44.0, epochs, 12, time, 7.817711114883423
nodes, 16.0, edges, 44.0, epochs, 13, time, 8.06121563911438
nodes, 16.0, edges, 44.0, epochs, 14, time, 7.9144227504730225
nodes, 16.0, edges, 44.0, epochs, 15, time, 7.763098239898682
nodes, 16.0, edges, 44.0, epochs, 16, time, 8.07209825515747
nodes, 16.0, edges, 44.0, epochs, 17, time, 8.0218346118927
nodes, 16.0, edges, 44.0, epochs, 18, time, 7.963382005691528
nodes, 16.0, edges, 44.0, epochs, 19, time, 8.118332147598267
nodes, 16.0, edges, 44.0, epochs, 20, time, 7.833505153656006
nodes, 16.0, edges, 44.0, epochs, 21, time, 7.947310209274292
nodes, 16.0, edges, 44.0, epochs, 22, time, 7.997885704040527
nodes, 16.0, edges, 44.0, epochs, 23, time, 7.901394367218018
nodes, 16.0, edges, 44.0, epochs, 24, time, 7.872266530990601
nodes, 16.0, edges, 44.0, epochs, 25, time, 8.119266510009766
nodes, 16.0, edges, 44.0, epochs, 26, time, 8.154791831970215
nodes, 16.0, edges, 44.0, epochs, 27, time, 8.200922727584839
nodes, 16.0, edges, 44.0, epochs, 28, time, 7.921381950378418
nodes, 16.0, edges, 44.0, epochs, 29, time, 7.879152059555054
nodes, 16.0, edges, 44.0, epochs, 30, time, 7.515812397003174
nodes, 16.0, edges, 44.0, epochs, 31, time, 7.384505271911621
nodes, 16.0, edges, 44.0, epochs, 32, time, 7.3928656578063965
nodes, 16.0, edges, 44.0, epochs, 33, time, 7.37780499458313
nodes, 16.0, edges, 44.0, epochs, 34, time, 7.372434616088867
nodes, 16.0, edges, 44.0, epochs, 35, time, 7.4085001945495605
nodes, 16.0, edges, 44.0, epochs, 36, time, 7.373618125915527
nodes, 16.0, edges, 44.0, epochs, 37, time, 7.456036329269409
nodes, 16.0, edges, 44.0, epochs, 38, time, 7.5306010246276855
nodes, 16.0, edges, 44.0, epochs, 39, time, 7.5404393672943115
